ID,Name,Gene Name,GenBank Protein ID,GenBank Gene ID,UniProt ID,Uniprot Title,PDB ID,GeneCard ID,GenAtlas ID,HGNC ID,Species,Drug IDs
P00451,Coagulation factor VIII,F8,182818,M14113,P00451,FA8_HUMAN,1CFG; 1D7P; 1FAC; 1IQD; 2R7E; 3CDZ; 3HNB; 3HNY; 3HOB; 3J2Q; 3J2S; 4BDV; 4KI5; 4PT6,,F8,HGNC:3546,Human,DB09130
P12259,Coagulation factor V,F5,182412,M16967,P12259,FA5_HUMAN,1CZS; 1CZT; 1CZV; 1FV4; 1Y61; 3P6Z; 3P70; 3S9C,,F5,HGNC:3542,Human,DB09130
P08185,Corticosteroid-binding globulin,SERPINA6,179971,J02943,P08185,CBG_HUMAN,2VDX; 2VDY; 4BB2; 4C41; 4C49,,SERPINA6,HGNC:1540,Human,DB00180; DB00240; DB00253; DB00324; DB00394; DB00588; DB00591; DB00596; DB00620; DB00648; DB00663; DB00741; DB00846; DB00860; DB00896; DB01047; DB01384; DB01410; DB09124
P54710,Sodium/potassium-transporting ATPase subunit gamma,FXYD2,1575004,U50743,P54710,ATNG_HUMAN,2MKV,,FXYD2,HGNC:4026,Human,DB09479
P10745,Retinol-binding protein 3,RBP3,186541,M33875,P10745,RET3_HUMAN,"",,RBP3,HGNC:9921,Human,DB06755
P09455,Retinol-binding protein 1,RBP1,190948,M11433,P09455,RET1_HUMAN,"",,RBP1,HGNC:9919,Human,DB06755
P02753,Retinol-binding protein 4,RBP4,35897,X00129,P02753,RET4_HUMAN,1BRP; 1BRQ; 1JYD; 1JYJ; 1QAB; 1RBP; 1RLB; 2WQ9; 2WQA; 2WR6; 3BSZ; 3FMZ; 4O9S; 4PSQ,,RBP4,HGNC:9922,Human,DB00162; DB06755
P02766,Transthyretin,TTR,189582,K02091,P02766,TTHY_HUMAN,1BM7; 1BMZ; 1BZ8; 1BZD; 1BZE; 1DVQ; 1DVS; 1DVT; 1DVU; 1DVX; 1DVY; 1DVZ; 1E3F; 1E4H; 1E5A; 1ETA; 1ETB; 1F41; 1F64; 1F86; 1FH2; 1FHN; 1G1O; 1GKO; 1ICT; 1III; 1IIK; 1IJN; 1QAB; 1QWH; 1RLB; 1SOK; 1SOQ; 1THA; 1THC; 1TLM; 1TSH; 1TT6; 1TTA; 1TTB; 1TTC; 1TTR; 1TYR; 1TZ8; 1U21; 1X7S; 1X7T; 1Y1D; 1Z7J; 1ZCR; 1ZD6; 2B14; 2B15; 2B16; 2B77; 2B9A; 2F7I; 2F8I; 2FBR; 2FLM; 2G3X; 2G3Z; 2G4E; 2G4G; 2G5U; 2G9K; 2GAB; 2H4E; 2M5N; 2NOY; 2PAB; 2QEL; 2QGB; 2QGC; 2QGD; 2QGE; 2ROX; 2ROY; 2TRH; 2TRY; 2WQA; 3A4D; 3A4E; 3A4F; 3B56; 3BSZ; 3BT0; 3CBR; 3CFM; 3CFN; 3CFQ; 3CFT; 3CN0; 3CN1; 3CN2; 3CN3; 3CN4; 3CXF; 3D2T; 3D7P; 3DGD; 3DID; 3DJR; 3DJS; 3DJT; 3DJZ; 3DK0; 3DK2; 3DO4; 3ESN; 3ESO; 3ESP; 3FC8; 3FCB; 3GLZ; 3GPS; 3GRB; 3GRG; 3GS0; 3GS4; 3GS7; 3HJ0; 3I9A; 3I9I; 3I9P; 3IMR; 3IMS; 3IMT; 3IMU; 3IMV; 3IMW; 3IPB; 3IPE; 3KGS; 3KGT; 3KGU; 3M1O; 3NEE; 3NEO; 3NES; 3NEX; 3NG5; 3OZK; 3OZL; 3P3R; 3P3S; 3P3T; 3P3U; 3SSG; 3TCT; 3TFB; 3U2I; 3U2J; 3W3B; 4ABQ; 4ABU; 4ABV; 4ABW; 4AC2; 4AC4; 4ACT; 4ANK; 4DER; 4DES; 4DET; 4DEU; 4DEW; 4FI6; 4FI7; 4FI8; 4HIQ; 4HIS; 4HJS; 4HJT; 4HJU; 4I85; 4I87; 4I89; 4IIZ; 4IK6; 4IK7; 4IKI; 4IKJ; 4IKK; 4IKL; 4KY2; 4L1S; 4L1T; 4MAS; 4MRB; 4MRC; 4N85; 4N86; 4N87; 4PM1; 4PME; 4PMF; 4PVL; 4PVM; 4PVN; 4PWE; 4PWF; 4PWG; 4PWH; 4PWI; 4PWJ; 4PWK; 4QRF; 4QXV; 4QYA; 4TKW; 4TL4; 4TL5; 4TLK; 4TLS; 4TLT; 4TM9; 4TNE; 4TQ8; 4TQH; 4TQI; 4TQP; 4WNJ; 4WNS; 4WO0; 4Y9B; 4Y9C; 4Y9E; 4Y9F; 4Y9G; 4YDM; 4YDN; 5AKS; 5AKT; 5AKV; 5AL0; 5AL8; 5BOJ; 5CR1; 5TTR,,TTR,HGNC:12405,Human,DB00255; DB00279; DB00451; DB00586; DB00861; DB01093; DB01583; DB02709
P20062,Transcobalamin-2,TCN2,339196,M60396,P20062,TCO2_HUMAN,2BB5,,TCN2,HGNC:11653,Human,DB00115; DB00200
P17516,Aldo-keto reductase family 1 member C4,AKR1C4,4261710,S68287,P17516,AK1C4_HUMAN,2FVL,,AKR1C4,HGNC:387,Human,DB13751
P01130,Low-density lipoprotein receptor,LDLR,307121,L00352,P01130,LDLR_HUMAN,1AJJ; 1D2J; 1F5Y; 1F8Z; 1HJ7; 1HZ8; 1I0U; 1IJQ; 1LDL; 1LDR; 1LRX; 1N7D; 1XFE; 2FCW; 2KRI; 2LGP; 2M7P; 2MG9; 2W2M; 2W2N; 2W2O; 2W2P; 2W2Q; 3BPS; 3GCW; 3GCX; 3M0C; 3P5B; 3P5C; 3SO6; 4NE9,,LDLR,HGNC:6547,Human,DB09270; DB11251; DB14003
P50120,Retinol-binding protein 2,RBP2,535390,U13831,P50120,RET2_HUMAN,2RCQ; 2RCT; 4EDE; 4EEJ; 4EFG; 4EXZ; 4GKC; 4QYN; 4QYP; 4QZT; 4QZU; 4RUU,,RBP2,HGNC:9920,Human,DB00162; DB06755
P29762,Cellular retinoic acid-binding protein 1,CRABP1,241542,S74445,P29762,RABP1_HUMAN,"",,CRABP1,HGNC:2338,Human,DB00523; DB04942
P02787,Serotransferrin,TF,339453,M12530,P02787,TRFE_HUMAN,1A8E; 1A8F; 1B3E; 1BP5; 1BTJ; 1D3K; 1D4N; 1DTG; 1FQE; 1FQF; 1JQF; 1N7W; 1N7X; 1N84; 1OQG; 1OQH; 1RYO; 1SUV; 2HAU; 2HAV; 2O7U; 2O84; 3FGS; 3QYT; 3S9L; 3S9M; 3S9N; 3SKP; 3V83; 3V89; 3V8X; 3VE1; 4H0W; 4X1B; 4X1D,,TF,HGNC:11740,Human,DB00893; DB01294; DB05260; DB09146; DB11136; DB11182; DB13949
P02768,Serum albumin,ALB,28590,V00494,P02768,ALBU_HUMAN,1AO6; 1BJ5; 1BKE; 1BM0; 1E78; 1E7A; 1E7B; 1E7C; 1E7E; 1E7F; 1E7G; 1E7H; 1E7I; 1GNI; 1GNJ; 1H9Z; 1HA2; 1HK1; 1HK2; 1HK3; 1HK4; 1HK5; 1N5U; 1O9X; 1TF0; 1UOR; 1YSX; 2BX8; 2BXA; 2BXB; 2BXC; 2BXD; 2BXE; 2BXF; 2BXG; 2BXH; 2BXI; 2BXK; 2BXL; 2BXM; 2BXN; 2BXO; 2BXP; 2BXQ; 2ESG; 2I2Z; 2I30; 2N0X; 2VDB; 2VUE; 2VUF; 2XSI; 2XVQ; 2XVU; 2XVV; 2XVW; 2XW0; 2XW1; 2YDF; 3A73; 3B9L; 3B9M; 3CX9; 3JQZ; 3JRY; 3LU6; 3LU7; 3LU8; 3SQJ; 3TDL; 3UIV; 4BKE; 4E99; 4EMX; 4G03; 4G04; 4HGK; 4HGM; 4IW1; 4IW2; 4K2C; 4K71; 4L8U; 4L9K; 4L9Q; 4LA0; 4LB2; 4LB9; 4N0F; 4N0U; 4S1Y,,ALB,HGNC:399,Human,DB00070; DB00137; DB00158; DB00159; DB00162; DB00177; DB00220; DB00228; DB00238; DB00252; DB00266; DB00274; DB00279; DB00313; DB00317; DB00321; DB00328; DB00334; DB00364; DB00412; DB00414; DB00415; DB00430; DB00451; DB00454; DB00456; DB00458; DB00459; DB00472; DB00477; DB00495; DB00500; DB00503; DB00512; DB00515; DB00530; DB00540; DB00544; DB00554; DB00563; DB00567; DB00573; DB00576; DB00586; DB00605; DB00607; DB00619; DB00624; DB00625; DB00635; DB00649; DB00655; DB00677; DB00678; DB00682; DB00688; DB00695; DB00709; DB00712; DB00717; DB00731; DB00743; DB00744; DB00749; DB00753; DB00755; DB00759; DB00762; DB00776; DB00783; DB00784; DB00788; DB00802; DB00815; DB00818; DB00829; DB00861; DB00864; DB00879; DB00900; DB00903; DB00912; DB00931; DB00936; DB00943; DB00945; DB00946; DB00951; DB00995; DB00997; DB01009; DB01015; DB01016; DB01032; DB01044; DB01050; DB01056; DB01057; DB01068; DB01072; DB01098; DB01104; DB01120; DB01124; DB01147; DB01159; DB01169; DB01183; DB01189; DB01197; DB01212; DB01232; DB01236; DB01242; DB01276; DB01294; DB01307; DB01320; DB01327; DB01328; DB01329; DB01330; DB01370; DB01396; DB01397; DB01418; DB01420; DB01581; DB01582; DB01583; DB01587; DB01614; DB01621; DB01622; DB01623; DB01685; DB02709; DB03017; DB03193; DB03585; DB03796; DB04224; DB04574; DB04711; DB04816; DB04855; DB05294; DB05521; DB05812; DB06201; DB06205; DB06209; DB06290; DB06412; DB06705; DB06710; DB06716; DB06796; DB08814; DB08820; DB08828; DB08860; DB08864; DB08867; DB08881; DB08893; DB08895; DB08899; DB08907; DB08931; DB08932; DB09053; DB09087; DB09093; DB09124; DB09130; DB09139; DB09195; DB09223; DB09229; DB09236; DB09262; DB09280; DB09333; DB09348; DB09383; DB09418; DB09526; DB11093; DB11130; DB11134; DB11148; DB11182; DB11217; DB11348; DB11575; DB11590; DB11637; DB11641; DB11712; DB11827; DB11828; DB11943; DB12001; DB12483; DB13421; DB13751; DB13909; DB13928; DB13943; DB13944; DB13946; DB13952; DB13953; DB13954; DB13955; DB13956
Q96R05,Retinoid-binding protein 7,RBP7,24559768,AY145438,Q96R05,RET7_HUMAN,1LPJ,,RBP7,HGNC:30316,Human,DB00162
P05543,Thyroxine-binding globulin,SERPINA7,338697,M14091,P05543,THBG_HUMAN,2CEO; 2RIV; 2RIW; 2XN3; 2XN5; 2XN6; 2XN7,,SERPINA7,HGNC:11583,Human,DB00279; DB00451; DB01583
P42330,Aldo-keto reductase family 1 member C3,AKR1C3,4261711,S68288,P42330,AK1C3_HUMAN,1RY0; 1RY8; 1S1P; 1S1R; 1S2A; 1S2C; 1XF0; 1ZQ5; 2F38; 2FGB; 3R43; 3R58; 3R6I; 3R7M; 3R8G; 3R8H; 3R94; 3UFY; 3UG8; 3UGR; 3UWE; 4DBS; 4DBU; 4DBW; 4DZ5; 4FA3; 4FAL; 4FAM; 4H7C; 4HMN; 4WDT; 4WDU; 4WDW; 4WDX; 4WRH; 4XVD; 4XVE,,AKR1C3,HGNC:386,Human,DB13751
P52895,Aldo-keto reductase family 1 member C2,AKR1C2,531160,U05598,P52895,AK1C2_HUMAN,1IHI; 1J96; 1XJB; 2HDJ; 2IPJ; 4JQ1; 4JQ2; 4JQ3; 4JQ4; 4JQA; 4JTQ; 4JTR; 4L1W; 4L1X,,AKR1C2,HGNC:385,Human,DB13751
P49638,Alpha-tocopherol transfer protein,TTPA,699601,D49488,P49638,TTPA_HUMAN,1OIP; 1OIZ; 1R5L,,TTPA,HGNC:12404,Human,DB00163; DB14001; DB14002
P82980,Retinol-binding protein 5,RBP5,13447447,AY007436,P82980,RET5_HUMAN,1GGL,,RBP5,HGNC:15847,Human,DB00162; DB06755
P04278,Sex hormone-binding globulin,SHBG,296673,X16349,P04278,SHBG_HUMAN,1D2S; 1F5F; 1KDK; 1KDM; 1LHN; 1LHO; 1LHU; 1LHV; 1LHW,,SHBG,HGNC:10839,Human,DB00624; DB00648; DB00717; DB00741; DB00783; DB00858; DB01185; DB01406; DB01420; DB04574; DB06412; DB06710; DB09124; DB13943; DB13944; DB13946; DB13952; DB13953; DB13954; DB13955; DB13956
P05023,Sodium/potassium-transporting ATPase subunit alpha-1,ATP1A1,219942,D00099,P05023,AT1A1_HUMAN,"",,ATP1A1,HGNC:799,Human,DB09479
P29373,Cellular retinoic acid-binding protein 2,CRABP2,181026,M68867,P29373,RABP2_HUMAN,1BLR; 1BM5; 1CBQ; 1CBS; 1XCA; 2CBS; 2FR3; 2FRS; 2FS6; 2FS7; 2G78; 2G79; 2G7B; 3CBS; 3CR6; 3CWK; 3D95; 3D96; 3D97; 3F8A; 3F9D; 3FA6; 3FA7; 3FA8; 3FA9; 3FEK; 3FEL; 3FEN; 3FEP; 3I17; 4I9R; 4I9S; 4M6S; 4M7M; 4QGV; 4QGW; 4QGX,,CRABP2,HGNC:2339,Human,DB00523
P01023,Alpha-2-macroglobulin,A2M,177870,M11313,P01023,A2MG_HUMAN,1BV8; 2P9R; 4ACQ,,A2M,HGNC:7,Human,DB06796; DB09130
P02763,Alpha-1-acid glycoprotein 1,ORM1,757907,X02544,P02763,A1AG1_HUMAN,3KQ0,,ORM1,HGNC:8498,Human,DB00280; DB00317; DB00321; DB00334; DB00454; DB00457; DB00458; DB00472; DB00530; DB00540; DB00543; DB00571; DB00590; DB00619; DB00656; DB00682; DB00706; DB00731; DB00802; DB00864; DB00908; DB00934; DB00946; DB01142; DB01151; DB01156; DB01232; DB01359; DB01418; DB01426; DB01429; DB01685; DB05294; DB05521; DB05812; DB08820; DB08828; DB08860; DB08867; DB08881; DB08893; DB08907; DB08931; DB09229; DB09236; DB11148; DB11575; DB11637
Q9UKL6,Phosphatidylcholine transfer protein,PCTP,6049276,AF151638,Q9UKL6,PPCT_HUMAN,1LN1; 1LN2; 1LN3,,PCTP,HGNC:8752,Human,DB09329; DB09568
P01009,Alpha-1-antitrypsin,SERPINA1,177829,K01396,P01009,A1AT_HUMAN,1ATU; 1D5S; 1EZX; 1HP7; 1IZ2; 1KCT; 1OO8; 1OPH; 1PSI; 1QLP; 1QMB; 2D26; 2QUG; 3CWL; 3CWM; 3DRM; 3DRU; 3NDD; 3NDF; 3NE4; 3T1P; 4PYW; 7API; 8API; 9API,,SERPINA1,HGNC:8941,Human,DB14007
P02788,Lactotransferrin,LTF,34416,X53961,P02788,TRFL_HUMAN,1B0L; 1BKA; 1CB6; 1DSN; 1EH3; 1FCK; 1H43; 1H44; 1H45; 1HSE; 1L5T; 1LCF; 1LCT; 1LFG; 1LFH; 1LFI; 1LGB; 1N76; 1SQY; 1U62; 1VFD; 1VFE; 1XV4; 1XV7; 1Z6V; 1Z6W; 2BJJ; 2DP4; 2GMC; 2GMD; 2HD4; 2PMS,,LTF,HGNC:6720,Human,DB11182
Q9Y6L6,Solute carrier organic anion transporter family member 1B1,SLCO1B1,5051630,AF060500,Q9Y6L6,SO1B1_HUMAN,"",,SLCO1B1,HGNC:10959,Human,DB11586
P08183,Multidrug resistance protein 1,ABCB1,307180,M14758,P08183,MDR1_HUMAN,"",,ABCB1,HGNC:40,Human,DB08930; DB09160; DB11363; DB11586
O94956,Solute carrier organic anion transporter family member 2B1,SLCO2B1,5006263,AB026256,O94956,SO2B1_HUMAN,"",,SLCO2B1,HGNC:10962,Human,DB11586
P04275,von Willebrand factor,VWF,37947,X04385,P04275,VWF_HUMAN,1AO3; 1ATZ; 1AUQ; 1FE8; 1FNS; 1IJB; 1IJK; 1M10; 1OAK; 1SQ0; 1U0N; 1UEX; 2ADF; 2MHP; 2MHQ; 3GXB; 3HXO; 3HXQ; 3PPV; 3PPW; 3PPX; 3PPY; 3ZQK; 4C29; 4C2A; 4C2B; 4DMU; 4NT5,,VWF,HGNC:12726,Human,DB09329
P11166,"Solute carrier family 2, facilitated glucose transporter member 1",SLC2A1,183303,K03195,P11166,GTR1_HUMAN,1SUK; 4PYP,,SLC2A1,HGNC:11005,Human,DB00292
P00450,Ceruloplasmin,CP,180256,M13699,P00450,CERU_HUMAN,1KCW; 2J5W; 4EJX; 4ENZ,,CP,HGNC:2295,Human,DB09130; DB11134
P02774,Vitamin D-binding protein,GC,639896,L10641,P02774,VTDB_HUMAN,1J78; 1J7E; 1KW2; 1KXP; 1LOT; 1MA9,,GC,HGNC:4187,Human,DB00169; DB01436; DB04224
P05106,Integrin beta-3,ITGB3,306786,J02703,P05106,ITB3_HUMAN,1JV2; 1KUP; 1KUZ; 1L5G; 1M1X; 1M8O; 1MIZ; 1MK7; 1MK9; 1RN0; 1S4X; 1TYE; 1U8C; 2INI; 2K9J; 2KNC; 2KV9; 2L1C; 2L91; 2LJD; 2LJE; 2LJF; 2MTP; 2Q6W; 2RMZ; 2RN0; 2VC2; 2VDK; 2VDL; 2VDM; 2VDN; 2VDO; 2VDP; 2VDQ; 2VDR; 3FCS; 3FCU; 3IJE; 3NID; 3NIF; 3NIG; 3T3M; 3T3P; 3ZDX; 3ZDY; 3ZDZ; 3ZE0; 3ZE1; 3ZE2; 4CAK; 4G1E; 4G1M; 4MMX; 4MMY; 4MMZ; 4O02,,ITGB3,HGNC:6156,Human,DB13949
P30086,Phosphatidylethanolamine-binding protein 1,PEBP1,435638,D16111,P30086,PEBP1_HUMAN,1BD9; 1BEH; 2L7W; 2QYQ,,PEBP1,HGNC:8630,Human,DB09568
P15090,"Fatty acid-binding protein, adipocyte",FABP4,178347,J02874,P15090,FABP4_HUMAN,1TOU; 1TOW; 2HNX; 2NNQ; 3FR2; 3FR4; 3FR5; 3P6C; 3P6D; 3P6E; 3P6F; 3P6G; 3P6H; 3Q6L; 3RZY; 4NNS; 4NNT,,FABP4,HGNC:3559,Human,DB03766; DB03796; DB04224
P05413,"Fatty acid-binding protein, heart",FABP3,31293,X56549,P05413,FABPH_HUMAN,1G5W; 1HMR; 1HMS; 1HMT; 2HMB; 3RSW; 3WBG; 3WVM; 3WXQ; 4TJZ; 4TKB; 4TKH; 4TKJ; 4WBK,,FABP3,HGNC:3557,Human,DB03193; DB03796; DB04224
O15540,"Fatty acid-binding protein, brain",FABP7,2632065,AJ002962,O15540,FABP7_HUMAN,1FDQ; 1FE3; 1JJX,,FABP7,HGNC:3562,Human,DB00132; DB00154; DB00159; DB03756; DB04224
Q01469,"Fatty acid-binding protein, epidermal",FABP5,182354,M94856,Q01469,FABP5_HUMAN,1B56; 1JJJ; 4AZM; 4AZR; 4LKP; 4LKT,,FABP5,HGNC:3560,Human,DB03796
P27797,Calreticulin,CALR,337487,M32294,P27797,CALR_HUMAN,2CLR; 3DOW; 3POS; 3POW,,CALR,HGNC:1455,Human,DB13949
O00244,Copper transport protein ATOX1,ATOX1,"",U70660,O00244,ATOX1_HUMAN,1FE0; 1FE4; 1FEE; 1TL4; 1TL5; 2K1R; 2LQ9; 3CJK; 3IWL; 3IWX; 4QOT; 4YDX; 4YEA,,ATOX1,HGNC:798,Human,DB09130
P12104,"Fatty acid-binding protein, intestinal",FABP2,46854681,BC069466,P12104,FABPI_HUMAN,1KZW; 1KZX; 2MJI; 2MO5; 3AKM; 3IFB,,,HGNC:3556,Human,DB00783; DB01138; DB03796; DB13952; DB13953; DB13954; DB13955; DB13956
O15244,Solute carrier family 22 member 2,SLC22A2,2281942,X98333,O15244,S22A2_HUMAN,"",,,HGNC:10966,Human,DB09343; DB09555
O15245,Solute carrier family 22 member 1,SLC22A1,2511670,X98332,O15245,S22A1_HUMAN,"",,,HGNC:10963,Human,DB09555
Q96FL8,Multidrug and toxin extrusion protein 1,SLC47A1,7023138,AK001709,Q96FL8,S47A1_HUMAN,"",,,HGNC:25588,Human,DB09343
P61769,Beta-2-microglobulin,B2M,27763813,AY187687,P61769,B2MG_HUMAN,1A1M; 1A1N; 1A1O; 1A6Z; 1A9B; 1A9E; 1AGB; 1AGC; 1AGD; 1AGE; 1AGF; 1AKJ; 1AO7; 1B0G; 1B0R; 1BD2; 1C16; 1CE6; 1CG9; 1DE4; 1DUY; 1DUZ; 1E27; 1E28; 1EEY; 1EEZ; 1EFX; 1EXU; 1GZP; 1GZQ; 1HHG; 1HHH; 1HHI; 1HHJ; 1HHK; 1HLA; 1HSA; 1HSB; 1I1F; 1I1Y; 1I4F; 1I7R; 1I7T; 1I7U; 1IM3; 1IM9; 1JF1; 1JGD; 1JGE; 1JHT; 1JNJ; 1K5N; 1KPR; 1KTL; 1LDS; 1LP9; 1M05; 1M6O; 1MHE; 1MI5; 1N2R; 1OF2; 1OGA; 1OGT; 1ONQ; 1P7Q; 1PY4; 1Q94; 1QEW; 1QLF; 1QQD; 1QR1; 1QRN; 1QSE; 1QSF; 1QVO; 1R3H; 1S8D; 1S9W; 1S9X; 1S9Y; 1SYS; 1SYV; 1T1W; 1T1X; 1T1Y; 1T1Z; 1T20; 1T21; 1T22; 1TMC; 1TVB; 1TVH; 1UQS; 1UR7; 1UXS; 1UXW; 1VGK; 1W0V; 1W0W; 1W72; 1X7Q; 1XH3; 1XR8; 1XR9; 1XZ0; 1YDP; 1YPZ; 1ZHK; 1ZHL; 1ZS8; 1ZSD; 1ZT4; 1ZVS; 2A83; 2AK4; 2AV1; 2AV7; 2AXF; 2AXG; 2BCK; 2BNQ; 2BNR; 2BSR; 2BSS; 2BST; 2BVO; 2BVP; 2BVQ; 2C7U; 2CII; 2CIK; 2CLR; 2D31; 2D4D; 2D4F; 2DYP; 2E8D; 2ESV; 2F53; 2F54; 2F74; 2F8O; 2FYY; 2FZ3; 2GIT; 2GJ6; 2GT9; 2GTW; 2GTZ; 2GUO; 2H26; 2H6P; 2HJK; 2HJL; 2HLA; 2HN7; 2J8U; 2JCC; 2NW3; 2NX5; 2P5E; 2P5W; 2PO6; 2PYE; 2RFX; 2UWE; 2V2W; 2V2X; 2VB5; 2VLJ; 2VLK; 2VLL; 2VLR; 2X4N; 2X4O; 2X4P; 2X4Q; 2X4R; 2X4S; 2X4T; 2X4U; 2X70; 2X89; 2XKS; 2XKU; 2XPG; 2YPK; 2YPL; 2YXF; 2Z9T; 3AM8; 3B3I; 3B6S; 3BGM; 3BH8; 3BH9; 3BHB; 3BO8; 3BP4; 3BP7; 3BVN; 3BW9; 3BWA; 3BXN; 3BZE; 3BZF; 3C9N; 3CDG; 3CII; 3CIQ; 3CZF; 3D18; 3D25; 3D2U; 3D39; 3D3V; 3DBX; 3DHJ; 3DHM; 3DTX; 3DX6; 3DX7; 3DX8; 3DXA; 3EKC; 3FFC; 3FQN; 3FQR; 3FQT; 3FQU; 3FQW; 3FQX; 3FT2; 3FT3; 3FT4; 3GIV; 3GJF; 3GSN; 3GSO; 3GSQ; 3GSR; 3GSU; 3GSV; 3GSW; 3GSX; 3H7B; 3H9H; 3H9S; 3HAE; 3HCV; 3HG1; 3HLA; 3HPJ; 3HUJ; 3I6G; 3I6K; 3I6L; 3IB4; 3IXA; 3JTS; 3KLA; 3KPL; 3KPM; 3KPN; 3KPO; 3KPP; 3KPQ; 3KPR; 3KPS; 3KWW; 3KXF; 3KYN; 3KYO; 3L3D; 3L3G; 3L3I; 3L3J; 3L3K; 3LKN; 3LKO; 3LKP; 3LKQ; 3LKR; 3LKS; 3LN4; 3LN5; 3LOW; 3LOZ; 3LV3; 3M17; 3M1B; 3MGO; 3MGT; 3MR9; 3MRB; 3MRC; 3MRD; 3MRE; 3MRF; 3MRG; 3MRH; 3MRI; 3MRJ; 3MRK; 3MRL; 3MRM; 3MRN; 3MRO; 3MRP; 3MRQ; 3MRR; 3MV7; 3MV8; 3MV9; 3MYJ; 3MYZ; 3MZT; 3NA4; 3NFN; 3O3A; 3O3B; 3O3D; 3O3E; 3O4L; 3OV6; 3OX8; 3OXR; 3OXS; 3PWJ; 3PWL; 3PWN; 3PWP; 3QDA; 3QDG; 3QDJ; 3QDM; 3QEQ; 3QFD; 3QFJ; 3QZW; 3REW; 3RL1; 3RL2; 3RWJ; 3S6C; 3SDX; 3SJV; 3SKM; 3SKO; 3SPV; 3T8X; 3TID; 3TIE; 3TLR; 3TM6; 3TO2; 3TZV; 3U0P; 3UPR; 3UTQ; 3UTS; 3UTT; 3V5D; 3V5H; 3V5K; 3VCL; 3VFM; 3VFN; 3VFO; 3VFP; 3VFR; 3VFS; 3VFT; 3VFU; 3VFV; 3VFW; 3VH8; 3VRI; 3VRJ; 3VWJ; 3VWK; 3VXM; 3VXN; 3VXO; 3VXP; 3VXR; 3VXS; 3VXU; 3W0W; 3W39; 3WL9; 3WLB; 3WUW; 3X11; 3X12; 3X13; 3X14; 4BEO; 4E0K; 4E0L; 4E5X; 4EN3; 4EUP; 4EUQ; 4F7M; 4F7P; 4F7T; 4FTV; 4FXL; 4G8G; 4G8I; 4G9D; 4G9F; 4GKN; 4GKS; 4GUP; 4HKJ; 4HWZ; 4HX1; 4I48; 4I4W; 4JFD; 4JFE; 4JFF; 4JFO; 4JFP; 4JFQ; 4JQV; 4JQX; 4JRX; 4JRY; 4K71; 4K7F; 4KDT; 4L29; 4L3C; 4L3E; 4L4T; 4L4V; 4LCW; 4LCY; 4LHU; 4LNR; 4M8V; 4MJ5; 4MJ6; 4MJI; 4MNQ; 4N0F; 4N0U; 4N8V; 4NNX; 4NNY; 4NO0; 4NO2; 4NO3; 4NO5; 4NQC; 4NQD; 4NQE; 4NQV; 4NQX; 4NT6; 4O2C; 4O2E; 4O2F; 4ONO; 4PJ5; 4PJ7; 4PJ8; 4PJ9; 4PJA; 4PJB; 4PJC; 4PJD; 4PJE; 4PJF; 4PJG; 4PJH; 4PJI; 4PJX; 4PR5; 4PRA; 4PRB; 4PRD; 4PRE; 4PRH; 4PRI; 4PRN; 4PRP; 4QOK; 4QRP; 4QRQ; 4QRR; 4QRS; 4QRT; 4QRU; 4R9H; 4RA3; 4RAH; 4RMQ; 4RMR; 4RMS; 4RMT; 4RMU; 4RMV; 4RMW; 4U1H; 4U1I; 4U1J; 4U1K; 4U1L; 4U1M; 4U1N; 4U1S; 4U6X; 4U6Y; 4UQ2; 4UQ3; 4WDI; 4WJ5; 4WO4; 4WU5; 4WU7; 4X6C; 4X6D; 4X6E; 4X6F; 4XXC; 4Z76; 4Z77; 4Z78; 5BXF; 5D2L; 5D2N; 5DEF; 5DEG,,,HGNC:914,Human,DB11130
P07148,"Fatty acid-binding protein, liver",FABP1,182358,M10617,P07148,FABPL_HUMAN,2F73; 2L67; 2L68; 2LKK; 2PY1; 3B2H; 3B2I; 3B2J; 3B2K; 3B2L; 3STK; 3STM; 3STN; 3VG2; 3VG3; 3VG4; 3VG5; 3VG6; 3VG7,,,HGNC:3555,Human,DB02659; DB04224
P98155,Very low-density lipoprotein receptor,VLDLR,409426,L20470,P98155,VLDLR_HUMAN,1V9U; 3DPR,,,HGNC:12698,Human,DB06755; DB09270; DB11251; DB14003
P29377,Protein S100-G,S100G,29602,X65869,P29377,S100G_HUMAN,"",,,HGNC:1436,Human,DB11093; DB11348
P41440,Folate transporter 1,SLC19A1,,,P41440,S19A1_HUMAN,"",,,HGNC:10937,Human,DB00507
P02763,Alpha-1-acid glycoprotein 1,ORM1,757907,X02544,P02763,A1AG1_HUMAN,3KQ0,,ORM1,HGNC:8498,Human,DB00512; DB09053; DB09262; DB11641; DB11828; DB12001
P19652,Alpha-1-acid glycoprotein 2,ORM2,16359000,BC015964,P19652,A1AG2_HUMAN,3APU; 3APV; 3APW; 3APX,,,HGNC:8499,Human,DB00512; DB09053; DB09262; DB11641; DB11828; DB12001
P05026,Sodium/potassium-transporting ATPase subunit beta-1,ATP1B1,,,P05026,AT1B1_HUMAN,"",,,HGNC:804,Human,DB09479
P14415,Sodium/potassium-transporting ATPase subunit beta-2,ATP1B2,,,P14415,AT1B2_HUMAN,"",,,HGNC:805,Human,DB09479
P54709,Sodium/potassium-transporting ATPase subunit beta-3,ATP1B3,,,P54709,AT1B3_HUMAN,"",,,HGNC:806,Human,DB09479
Q13733,Sodium/potassium-transporting ATPase subunit alpha-4,ATP1A4,,,Q13733,AT1A4_HUMAN,"",,,HGNC:14073,Human,DB09479
P50993,Sodium/potassium-transporting ATPase subunit alpha-2,ATP1A2,,,P50993,AT1A2_HUMAN,"",,,HGNC:800,Human,DB09479
P13637,Sodium/potassium-transporting ATPase subunit alpha-3,ATP1A3,,,P13637,AT1A3_HUMAN,"",,,HGNC:801,Human,DB09479
O14618,Copper chaperone for superoxide dismutase,CCS,,,O14618,CCS_HUMAN,1DO5; 2CRL; 2RSQ,,,HGNC:1613,Human,DB09130
Q14061,Cytochrome c oxidase copper chaperone,COX17,,,Q14061,COX17_HUMAN,2L0Y; 2LGQ; 2RN9; 2RNB,,,HGNC:2264,Homo sapiens,DB09130
Q9BQS7,Hephaestin,HEPH,,,Q9BQS7,HEPH_HUMAN,"",,,HGNC:4866,Homo sapiens,DB09130
Q14872,Metal regulatory transcription factor 1,MTF1,,,Q14872,MTF1_HUMAN,"",,,HGNC:7428,Human,DB09130
P0DM35,Metallothionein 1H-like protein 1,MT1HL1,,,P0DM35,M1BL1_HUMAN,"",,,HGNC:31864,Human,DB09130
P04731,Metallothionein-1A,MT1A,,,P04731,MT1A_HUMAN,"",,,HGNC:7393,Human,DB09130
P07438,Metallothionein-1B,MT1B,,,P07438,MT1B_HUMAN,"",,,HGNC:7394,Human,DB09130
P04732,Metallothionein-1E,MT1E,,,P04732,MT1E_HUMAN,"",,,HGNC:7397,Human,DB09130
P04733,Metallothionein-1F,MT1F,,,P04733,MT1F_HUMAN,"",,,HGNC:7398,Human,DB09130
P13640,Metallothionein-1G,MT1G,,,P13640,MT1G_HUMAN,"",,,HGNC:7399,Human,DB09130
P80294,Metallothionein-1H,MT1H,,,P80294,MT1H_HUMAN,"",,,HGNC:7400,Human,DB09130
Q93083,Metallothionein-1L,MT1L,,,Q93083,MT1L_HUMAN,"",,,HGNC:7404,Human,DB09130
Q8N339,Metallothionein-1M,MT1M,,,Q8N339,MT1M_HUMAN,"",,,HGNC:14296,Human,DB09130
P80297,Metallothionein-1X,MT1X,,,P80297,MT1X_HUMAN,"",,,HGNC:7405,Human,DB09130
P02795,Metallothionein-2,MT2A,,,P02795,MT2_HUMAN,1MHU; 2MHU,,,HGNC:7406,Human,DB09130
P25713,Metallothionein-3,MT3,,,P25713,MT3_HUMAN,2F5H; 2FJ4; 2FJ5,,,HGNC:7408,Human,DB09130
P47944,Metallothionein-4,MT4,,,P47944,MT4_HUMAN,"",,,HGNC:18705,Human,DB09130
A1L3X4,Putative metallothionein MT1DP,MT1DP,,,A1L3X4,MT1DP_HUMAN,"",,,HGNC:7396,Human,DB09130
Q9Y4I5,Tesmin,TESMIN,,,Q9Y4I5,MTL5_HUMAN,"",,,HGNC:7446,Human,DB09130
P05937,Calbindin,CALB1,,,P05937,CALB1_HUMAN,"",,,HGNC:1434,Homo sapiens,DB11093; DB11348
P02773,Alpha-fetoprotein,Afp,,,P02773,FETA_RAT,"",,,,Rat,DB11221
